,country
0,Hong Kong
1,http//worldpopulationreview.com/countries/hong-kong-population
2,Maldives
3,http//worldpopulationreview.com/countries/maldives-population
4,United Arab Emirates
5,http//worldpopulationreview.com/countries/united-arab-emirates-population
6,Panama
7,http//worldpopulationreview.com/countries/panama-population
8,Montenegro
9,http//worldpopulationreview.com/countries/montenegro-population
10,Sri Lanka
11,http//worldpopulationreview.com/countries/sri-lanka-population
12,Finland
13,http//worldpopulationreview.com/countries/finland-population
14,Saudi Arabia
15,http//worldpopulationreview.com/countries/saudi-arabia-population
16,Lithuania
17,http//worldpopulationreview.com/countries/lithuania-population
18,Indonesia
19,http//worldpopulationreview.com/countries/indonesia-population
20,Russia
21,http//worldpopulationreview.com/countries/russia-population
22,Trinidad And Tobago
23,http//worldpopulationreview.com/countries/trinidad-and-tobago-population
24,Estonia
25,http//worldpopulationreview.com/countries/estonia-population
26,Singapore
27,http//worldpopulationreview.com/countries/singapore-population
28,Italy
29,http//worldpopulationreview.com/countries/italy-population
30,Sweden
31,http//worldpopulationreview.com/countries/sweden-population
32,Bulgaria
33,http//worldpopulationreview.com/countries/bulgaria-population
34,Malaysia
35,http//worldpopulationreview.com/countries/malaysia-population
36,Argentina
37,http//worldpopulationreview.com/countries/argentina-population
38,Brazil
39,http//worldpopulationreview.com/countries/brazil-population
40,Nepal
41,http//worldpopulationreview.com/countries/nepal-population
42,Morocco
43,http//worldpopulationreview.com/countries/morocco-population
44,Germany
45,http//worldpopulationreview.com/countries/germany-population
46,Iran
47,http//worldpopulationreview.com/countries/iran-population
48,Latvia
49,http//worldpopulationreview.com/countries/latvia-population
50,United Kingdom
51,http//worldpopulationreview.com/countries/united-kingdom-population
52,Denmark
53,http//worldpopulationreview.com/countries/denmark-population
54,Portugal
55,http//worldpopulationreview.com/countries/portugal-population
56,Azerbaijan
57,http//worldpopulationreview.com/countries/azerbaijan-population
58,Ukraine
59,http//worldpopulationreview.com/countries/ukraine-population
60,Ireland
61,http//worldpopulationreview.com/countries/ireland-population
62,Poland
63,http//worldpopulationreview.com/countries/poland-population
64,Romania
65,http//worldpopulationreview.com/countries/romania-population
66,Taiwan
67,http//worldpopulationreview.com/countries/taiwan-population
68,Chile
69,http//worldpopulationreview.com/countries/chile-population
70,Israel
71,http//worldpopulationreview.com/countries/israel-population
72,Malta
73,http//worldpopulationreview.com/countries/malta-population
74,Netherlands
75,http//worldpopulationreview.com/countries/netherlands-population
76,Guatemala
77,http//worldpopulationreview.com/countries/guatemala-population
78,Colombia
79,http//worldpopulationreview.com/countries/colombia-population
80,Spain
81,http//worldpopulationreview.com/countries/spain-population
82,South Africa
83,http//worldpopulationreview.com/countries/south-africa-population
84,Mongolia
85,http//worldpopulationreview.com/countries/mongolia-population
86,Hungary
87,http//worldpopulationreview.com/countries/hungary-population
88,Japan
89,http//worldpopulationreview.com/countries/japan-population
90,France
91,http//worldpopulationreview.com/countries/france-population
92,China
93,http//worldpopulationreview.com/countries/china-population
94,Philippines
95,http//worldpopulationreview.com/countries/philippines-population
96,Belgium
97,http//worldpopulationreview.com/countries/belgium-population
98,South Korea
99,http//worldpopulationreview.com/countries/south-korea-population
100,Ecuador
101,http//worldpopulationreview.com/countries/ecuador-population
102,New Zealand
103,http//worldpopulationreview.com/countries/new-zealand-population
104,Peru
105,http//worldpopulationreview.com/countries/peru-population
106,Venezuela
107,http//worldpopulationreview.com/countries/venezuela-population
108,Thailand
109,http//worldpopulationreview.com/countries/thailand-population
110,Zimbabwe
111,http//worldpopulationreview.com/countries/zimbabwe-population
112,United States
113,http//worldpopulationreview.com/countries/united-states-population
114,Jordan
115,http//worldpopulationreview.com/countries/jordan-population
116,Bangladesh
117,http//worldpopulationreview.com/countries/bangladesh-population
118,Egypt
119,http//worldpopulationreview.com/countries/egypt-population
120,Nigeria
121,http//worldpopulationreview.com/countries/nigeria-population
122,Algeria
123,http//worldpopulationreview.com/countries/algeria-population
124,India
125,http//worldpopulationreview.com/countries/india-population
126,Turkey
127,http//worldpopulationreview.com/countries/turkey-population
128,Mexico
129,http//worldpopulationreview.com/countries/mexico-population
130,Australia
131,http//worldpopulationreview.com/countries/australia-population
132,Canada
133,http//worldpopulationreview.com/countries/canada-population
134,Pakistan
135,http//worldpopulationreview.com/countries/pakistan-population
136,Vietnam
137,http//worldpopulationreview.com/countries/vietnam-population
138,Kenya
139,http//worldpopulationreview.com/countries/kenya-population
140,Lebanon
141,http//worldpopulationreview.com/countries/lebanon-population
142,Ethiopia
143,http//worldpopulationreview.com/countries/ethiopia-population
144,North Korea
145,http//worldpopulationreview.com/countries/north-korea-population
146,Cuba
147,http//worldpopulationreview.com/countries/cuba-population
